{
    "Dummy": {
        "accuracy": 0.6766666666666666,
        "f1": 0.0
    },
    "LogisticRegression": {
        "accuracy": 0.8275,
        "f1": 0.7076271186440678,
        "roc_auc": 0.8746905312071505
    },
    "DecisionTree": {
        "accuracy": 0.8720833333333333,
        "f1": 0.7924273157538878,
        "roc_auc": 0.8950488167182977
    },
    "RandomForest": {
        "accuracy": 0.9291666666666667,
        "f1": 0.8854447439353099,
        "roc_auc": 0.9672947031638819
    },
    "GradientBoosting": {
        "accuracy": 0.9291666666666667,
        "f1": 0.8868175765645806,
        "roc_auc": 0.9689174305520287
    },
    "Stacking": {
        "accuracy": 0.93375,
        "f1": 0.8956007879185818,
        "roc_auc": 0.9695316070793764
    }
}