value,count,share
1,28,0.4
0,26,0.37142857142857144
2,10,0.14285714285714285
3,4,0.05714285714285714
n_support_tickets,2,0.02857142857142857
